{
  "timestamp": "2025-11-20T21:11:43.078076",
  "verifier": "localhost:9999",
  "local_baseline": {
    "mean_ms": 453.2586432003882,
    "median_ms": 434.5409230008954,
    "min_ms": 414.9379830014368,
    "max_ms": 539.2667579981207,
    "token_size_bytes": 5934
  },
  "remote_attestation": {
    "verifier": "localhost:9999",
    "iterations": 10,
    "successful": 10,
    "failed": 0,
    "latencies": {
      "total": [
        443.30812099724426,
        397.7087320017745,
        462.6875789981568,
        373.1858530009049,
        427.4110529986501,
        366.49085599856335,
        405.1308500020241,
        427.9507510000258,
        406.1441930025467,
        398.32394200129784
      ],
      "generation": [
        442.48813099693507,
        397.14101900244714,
        462.14995099944645,
        372.5950219995866,
        426.90741600017645,
        365.8811249988503,
        404.5580180027173,
        427.38514699885854,
        405.55299400148215,
        397.7777559994138
      ],
      "network": [
        0.8115639975585509,
        0.5583480015047826,
        0.5308759973559063,
        0.5835410011059139,
        0.49536499864188954,
        0.6027689996699337,
        0.5655589993693866,
        0.5583940001088195,
        0.583462999202311,
        0.5365990000427701
      ],
      "verification": [
        0.14400482177734375,
        0.1266002655029297,
        0.09989738464355469,
        0.13303756713867188,
        0.08988380432128906,
        0.10347366333007812,
        0.080108642578125,
        0.10037422180175781,
        0.11134147644042969,
        0.09322166442871094
      ]
    }
  }
}