{
  "timestamp": "2025-11-20T19:50:42.633110",
  "verifier": "localhost:9999",
  "local_baseline": {
    "mean_ms": 492.1578205003243,
    "median_ms": 396.47433400023147,
    "min_ms": 368.9177500000369,
    "max_ms": 806.7648640007974,
    "token_size_bytes": 5934
  },
  "remote_attestation": {
    "verifier": "localhost:9999",
    "iterations": 10,
    "successful": 10,
    "failed": 0,
    "latencies": {
      "total": [
        437.55209000119066,
        425.3302449997136,
        400.20812600050704,
        598.8357820006058,
        405.13566699883086,
        407.86822799964284,
        410.4532309993374,
        410.4989259994909,
        392.8965539998899,
        361.4093270007288
      ],
      "generation": [
        436.8288810001104,
        424.71655599911173,
        399.55357200051367,
        598.3105150007759,
        404.54843299994536,
        407.3053179999988,
        409.8207860006369,
        409.98845499962044,
        392.38841499900445,
        360.8305340003426
      ],
      "network": [
        0.7144770006561885,
        0.6044860001566121,
        0.6472969998867484,
        0.5159390002518194,
        0.5772559998149518,
        0.5558149987336947,
        0.6226810000953265,
        0.5016149989387486,
        0.49892700008058455,
        0.5687340017175302
      ],
      "verification": [
        0.13375282287597656,
        0.1285076141357422,
        0.10657310485839844,
        0.10251998901367188,
        0.09942054748535156,
        0.09918212890625,
        0.11754035949707031,
        0.095367431640625,
        0.08058547973632812,
        0.09179115295410156
      ]
    }
  }
}